timestamp,open,high,low,close
2026-01-01T00:00:00,2649.60,2652.20,2647.80,2650.00
2026-01-01T01:00:00,2650.90,2653.50,2649.10,2651.30
2026-01-01T02:00:00,2653.48,2656.08,2651.68,2653.88
2026-01-01T03:00:00,2657.25,2659.85,2655.45,2657.65
2026-01-01T04:00:00,2662.13,2664.73,2660.33,2662.53
2026-01-01T05:00:00,2667.98,2670.58,2666.18,2668.38
2026-01-01T06:00:00,2674.67,2677.27,2672.87,2675.07
2026-01-01T07:00:00,2682.05,2684.65,2680.25,2682.45
2026-01-01T08:00:00,2689.98,2692.58,2688.18,2690.38
2026-01-01T09:00:00,2698.31,2700.91,2696.51,2698.71
2026-01-01T10:00:00,2706.93,2709.53,2705.13,2707.33
2026-01-01T11:00:00,2715.73,2718.33,2713.93,2716.13
2026-01-01T12:00:00,2724.64,2727.24,2722.84,2725.04
2026-01-01T13:00:00,2733.60,2736.20,2731.80,2734.00
2026-01-01T14:00:00,2742.60,2745.20,2740.80,2743.00
2026-01-01T15:00:00,2751.64,2754.24,2749.84,2752.04
2026-01-01T16:00:00,2760.75,2763.35,2758.95,2761.15
2026-01-01T17:00:00,2769.96,2772.56,2768.16,2770.36
2026-01-01T18:00:00,2779.32,2781.92,2777.52,2779.72
2026-01-01T19:00:00,2788.89,2791.49,2787.09,2789.29
2026-01-01T20:00:00,2798.71,2801.31,2796.91,2799.11
2026-01-01T21:00:00,2808.82,2811.42,2807.02,2809.22
2026-01-01T22:00:00,2819.24,2821.84,2817.44,2819.64
2026-01-01T23:00:00,2829.95,2832.55,2828.15,2830.35
2026-01-02T00:00:00,2840.94,2843.54,2839.14,2841.34
2026-01-02T01:00:00,2852.15,2854.75,2850.35,2852.55
2026-01-02T02:00:00,2863.52,2866.12,2861.72,2863.92
2026-01-02T03:00:00,2874.95,2877.55,2873.15,2875.35
2026-01-02T04:00:00,2886.34,2888.94,2884.54,2886.74
2026-01-02T05:00:00,2897.59,2900.19,2895.79,2897.99
2026-01-02T06:00:00,2908.59,2911.19,2906.79,2908.99
2026-01-02T07:00:00,2919.24,2921.84,2917.44,2919.64
2026-01-02T08:00:00,2929.48,2932.08,2927.68,2929.88
2026-01-02T09:00:00,2939.25,2941.85,2937.45,2939.65
2026-01-02T10:00:00,2948.53,2951.13,2946.73,2948.93
2026-01-02T11:00:00,2957.33,2959.93,2955.53,2957.73
2026-01-02T12:00:00,2965.70,2968.30,2963.90,2966.10
2026-01-02T13:00:00,2973.71,2976.31,2971.91,2974.11
2026-01-02T14:00:00,2981.48,2984.08,2979.68,2981.88
2026-01-02T15:00:00,2989.13,2991.73,2987.33,2989.53
2026-01-02T16:00:00,2996.84,2999.44,2995.04,2997.24
2026-01-02T17:00:00,3004.75,3007.35,3002.95,3005.15
2026-01-02T18:00:00,3013.05,3015.65,3011.25,3013.45
2026-01-02T19:00:00,3021.90,3024.50,3020.10,3022.30
2026-01-02T20:00:00,3031.44,3034.04,3029.64,3031.84
2026-01-02T21:00:00,3041.80,3044.40,3040.00,3042.20
2026-01-02T22:00:00,3053.10,3055.70,3051.30,3053.50
2026-01-02T23:00:00,3065.39,3067.99,3063.59,3065.79
2026-01-03T00:00:00,3078.71,3081.31,3076.91,3079.11
2026-01-03T01:00:00,3093.08,3095.68,3091.28,3093.48
2026-01-03T02:00:00,3108.48,3111.08,3106.68,3108.88
2026-01-03T03:00:00,3124.84,3127.44,3123.04,3125.24
2026-01-03T04:00:00,3142.12,3144.72,3140.32,3142.52
2026-01-03T05:00:00,3160.22,3162.82,3158.42,3160.62
2026-01-03T06:00:00,3179.07,3181.67,3177.27,3179.47
2026-01-03T07:00:00,3198.58,3201.18,3196.78,3198.98
2026-01-03T08:00:00,3218.69,3221.29,3216.89,3219.09
2026-01-03T09:00:00,3239.34,3241.94,3237.54,3239.74
2026-01-03T10:00:00,3260.49,3263.09,3258.69,3260.89
2026-01-03T11:00:00,3282.13,3284.73,3280.33,3282.53
2026-01-03T12:00:00,3304.27,3306.87,3302.47,3304.67
2026-01-03T13:00:00,3326.94,3329.54,3325.14,3327.34
2026-01-03T14:00:00,3350.19,3352.79,3348.39,3350.59
2026-01-03T15:00:00,3374.07,3376.67,3372.27,3374.47
2026-01-03T16:00:00,3398.65,3401.25,3396.85,3399.05
2026-01-03T17:00:00,3424.00,3426.60,3422.20,3424.40
2026-01-03T18:00:00,3450.17,3452.77,3448.37,3450.57
2026-01-03T19:00:00,3477.19,3479.79,3475.39,3477.59
2026-01-03T20:00:00,3505.09,3507.69,3503.29,3505.49
2026-01-03T21:00:00,3533.85,3536.45,3532.05,3534.25
2026-01-03T22:00:00,3563.44,3566.04,3561.64,3563.84
2026-01-03T23:00:00,3593.79,3596.39,3591.99,3594.19
2026-01-04T00:00:00,3624.79,3627.39,3622.99,3625.19
2026-01-04T01:00:00,3656.33,3658.93,3654.53,3656.73
2026-01-04T02:00:00,3688.27,3690.87,3686.47,3688.67
2026-01-04T03:00:00,3720.44,3723.04,3718.64,3720.84
2026-01-04T04:00:00,3752.68,3755.28,3750.88,3753.08
2026-01-04T05:00:00,3784.84,3787.44,3783.04,3785.24
2026-01-04T06:00:00,3816.76,3819.36,3814.96,3817.16
2026-01-04T07:00:00,3848.32,3850.92,3846.52,3848.72
2026-01-04T08:00:00,3879.41,3882.01,3877.61,3879.81
2026-01-04T09:00:00,3909.97,3912.57,3908.17,3910.37
2026-01-04T10:00:00,3939.96,3942.56,3938.16,3940.36
2026-01-04T11:00:00,3969.37,3971.97,3967.57,3969.77
2026-01-04T12:00:00,3998.25,4000.85,3996.45,3998.65
2026-01-04T13:00:00,4026.66,4029.26,4024.86,4027.06
2026-01-04T14:00:00,4054.68,4057.28,4052.88,4055.08
2026-01-04T15:00:00,4082.43,4085.03,4080.63,4082.83
2026-01-04T16:00:00,4110.04,4112.64,4108.24,4110.44
2026-01-04T17:00:00,4137.63,4140.23,4135.83,4138.03
2026-01-04T18:00:00,4162.63,4165.23,4160.83,4163.03
2026-01-04T19:00:00,4187.17,4189.77,4185.37,4187.57
2026-01-04T20:00:00,4211.35,4213.95,4209.55,4211.75
2026-01-04T21:00:00,4235.26,4237.86,4233.46,4235.66
2026-01-04T22:00:00,4258.92,4261.52,4257.12,4259.32
2026-01-04T23:00:00,4282.37,4284.97,4280.57,4282.77
2026-01-05T00:00:00,4305.61,4308.21,4303.81,4306.01
2026-01-05T01:00:00,4328.61,4331.21,4326.81,4329.01
2026-01-05T02:00:00,4351.35,4353.95,4349.55,4351.75
2026-01-05T03:00:00,4373.76,4376.36,4371.96,4374.16
2026-01-05T04:00:00,4395.82,4398.42,4394.02,4396.22
2026-01-05T05:00:00,4417.47,4420.07,4415.67,4417.87
2026-01-05T06:00:00,4438.69,4441.29,4436.89,4439.09
2026-01-05T07:00:00,4459.46,4462.06,4457.66,4459.86
2026-01-05T08:00:00,4479.79,4482.39,4477.99,4480.19
2026-01-05T09:00:00,4499.72,4502.32,4497.92,4500.12
2026-01-05T10:00:00,4519.30,4521.90,4517.50,4519.70
2026-01-05T11:00:00,4538.63,4541.23,4536.83,4539.03
2026-01-05T12:00:00,4557.79,4560.39,4555.99,4558.19
2026-01-05T13:00:00,4576.93,4579.53,4575.13,4577.33
2026-01-05T14:00:00,4596.15,4598.75,4594.35,4596.55
2026-01-05T15:00:00,4615.59,4618.19,4613.79,4615.99
2026-01-05T16:00:00,4635.38,4637.98,4633.58,4635.78
2026-01-05T17:00:00,4655.61,4658.21,4653.81,4656.01
2026-01-05T18:00:00,4676.38,4678.98,4674.58,4676.78
2026-01-05T19:00:00,4697.74,4700.34,4695.94,4698.14
2026-01-05T20:00:00,4719.70,4722.30,4717.90,4720.10
2026-01-05T21:00:00,4742.27,4744.87,4740.47,4742.67
2026-01-05T22:00:00,4765.39,4767.99,4763.59,4765.79
2026-01-05T23:00:00,4788.98,4791.58,4787.18,4789.38
2026-01-06T00:00:00,4812.92,4815.52,4811.12,4813.32
2026-01-06T01:00:00,4837.09,4839.69,4835.29,4837.49
2026-01-06T02:00:00,4861.33,4863.93,4859.53,4861.73
2026-01-06T03:00:00,4885.47,4888.07,4883.67,4885.87
2026-01-06T04:00:00,4909.37,4911.97,4907.57,4909.77
2026-01-06T05:00:00,4932.87,4935.47,4931.07,4933.27
2026-01-06T06:00:00,4955.82,4958.42,4954.02,4956.22
2026-01-06T07:00:00,4978.13,4980.73,4976.33,4978.53
2026-01-06T08:00:00,4999.69,5002.29,4997.89,5000.09
2026-01-06T09:00:00,5020.46,5023.06,5018.66,5020.86
2026-01-06T10:00:00,5040.41,5043.01,5038.61,5040.81
2026-01-06T11:00:00,5059.54,5062.14,5057.74,5059.94
2026-01-06T12:00:00,5077.86,5080.46,5076.06,5078.26
2026-01-06T13:00:00,5095.44,5098.04,5093.64,5095.84
2026-01-06T14:00:00,5112.31,5114.91,5110.51,5112.71
2026-01-06T15:00:00,5128.56,5131.16,5126.76,5128.96
2026-01-06T16:00:00,5144.24,5146.84,5142.44,5144.64
2026-01-06T17:00:00,5159.40,5162.00,5157.60,5159.80
2026-01-06T18:00:00,5174.08,5176.68,5172.28,5174.48
2026-01-06T19:00:00,5188.31,5190.91,5186.51,5188.71
2026-01-06T20:00:00,5202.07,5204.67,5200.27,5202.47
2026-01-06T21:00:00,5215.36,5217.96,5213.56,5215.76
2026-01-06T22:00:00,5228.11,5230.71,5226.31,5228.51
2026-01-06T23:00:00,5240.27,5242.87,5238.47,5240.67
2026-01-07T00:00:00,5251.76,5254.36,5249.96,5252.16
2026-01-07T01:00:00,5262.49,5265.09,5260.69,5262.89
2026-01-07T02:00:00,5272.39,5274.99,5270.59,5272.79
2026-01-07T03:00:00,5281.36,5283.96,5279.56,5281.76
2026-01-07T04:00:00,5289.36,5291.96,5287.56,5289.76
2026-01-07T05:00:00,5296.34,5298.94,5294.54,5296.74
2026-01-07T06:00:00,5302.29,5304.89,5300.49,5302.69
2026-01-07T07:00:00,5307.23,5309.83,5305.43,5307.63
2026-01-07T08:00:00,5311.21,5313.81,5309.41,5311.61
2026-01-07T09:00:00,5314.31,5316.91,5312.51,5314.71
2026-01-07T10:00:00,5316.65,5319.25,5314.85,5317.05
2026-01-07T11:00:00,5318.35,5320.95,5316.55,5318.75
2026-01-07T12:00:00,5319.59,5322.19,5317.79,5319.99
2026-01-07T13:00:00,5320.51,5323.11,5318.71,5320.91
2026-01-07T14:00:00,5321.31,5323.91,5319.51,5321.71
2026-01-07T15:00:00,5322.13,5324.73,5320.33,5322.53
2026-01-07T16:00:00,5323.13,5325.73,5321.33,5323.53
2026-01-07T17:00:00,5324.43,5327.03,5322.63,5324.83
2026-01-07T18:00:00,5326.14,5328.74,5324.34,5326.54
2026-01-07T19:00:00,5328.32,5330.92,5326.52,5328.72
2026-01-07T20:00:00,5331.01,5333.61,5329.21,5331.41
2026-01-07T21:00:00,5334.21,5336.81,5332.41,5334.61
2026-01-07T22:00:00,5337.88,5340.48,5336.08,5338.28
2026-01-07T23:00:00,5341.96,5344.56,5340.16,5342.36
2026-01-08T00:00:00,5346.37,5348.97,5344.57,5346.77
2026-01-08T01:00:00,5351.02,5353.62,5349.22,5351.42
2026-01-08T02:00:00,5355.80,5358.40,5354.00,5356.20
2026-01-08T03:00:00,5360.62,5363.22,5358.82,5361.02
2026-01-08T04:00:00,5365.36,5367.96,5363.56,5365.76
2026-01-08T05:00:00,5369.96,5372.56,5368.16,5370.36
2026-01-08T06:00:00,5374.35,5376.95,5372.55,5374.75
2026-01-08T07:00:00,5378.49,5381.09,5376.69,5378.89
2026-01-08T08:00:00,5382.37,5384.97,5380.57,5382.77
2026-01-08T09:00:00,5386.00,5388.60,5384.20,5386.40
2026-01-08T10:00:00,5389.39,5391.99,5387.59,5389.79
2026-01-08T11:00:00,5392.60,5395.20,5390.80,5393.00
